,Site,Raw,Spatial,Temporal,Spatial_N,Temporal_N,Improved
0,2.260633402941178,2.45,2.50625,2.459375,1.953125,2.4625,2.4446539834313734
1,2.773579008725225,2.0,1.9444444444444442,2.013888888888889,1.6388888888888888,2.0166666666666666,1.9710151798953928
2,2.7882748221864504,1.9166666666666667,1.8777777777777778,2.125,1.6,2.1305555555555555,1.9612173903268986
3,3.091236247091877,2.272222222222222,2.2,2.0388888888888888,1.8833333333333333,2.0444444444444443,2.041764691884183
4,1.794666005373001,0.95625,0.984375,1.09375,0.78125,1.09375,1.09375
5,2.192036437988281,1.975,1.990625,1.675,1.58125,1.68125,1.6973914111314226
6,2.1125790202617645,1.671875,1.75625,1.575,1.384375,1.590625,1.5542336544454864
7,2.916737366695793,2.0027777777777778,1.9583333333333333,1.6277777777777778,1.6666666666666667,1.636111111111111,1.646994688791338
8,1.782486002445221,1.153125,1.2125,1.16875,0.9625,1.184375,1.126694602024267
