,Site,Raw,Spatial,Temporal,Spatial_N,Temporal_N,Improved,BiomeType
0,2.260633402941178,2.45,2.534375,2.459375,1.953125,2.4625,2.5148680046033403,4
1,2.773579008725225,2.0,1.952777777777778,2.0166666666666666,1.6388888888888888,2.0166666666666666,1.9768110807611676,3
2,2.7882748221864504,1.9166666666666667,1.886111111111111,2.1305555555555555,1.6,2.1305555555555555,2.016734085532179,3
3,3.091236247091877,2.272222222222222,2.213888888888889,2.052777777777778,1.8833333333333333,2.0444444444444443,2.0651220084750106,3
4,1.794666005373001,0.95625,0.9875,1.09375,0.78125,1.09375,1.040625,4
5,2.192036437988281,1.975,2.015625,1.6875,1.58125,1.68125,1.7372372653487766,4
6,2.1125790202617645,1.671875,1.76875,1.5875,1.384375,1.590625,1.6037267117229805,4
7,2.916737366695793,2.0027777777777778,1.963888888888889,1.6444444444444444,1.6666666666666667,1.636111111111111,1.6789398187810565,3
8,1.782486002445221,1.153125,1.2125,1.184375,0.9625,1.184375,1.1741337469545121,4
