,Site,Raw,Spatial,Temporal,Spatial_N,Temporal_N,Improved
0,2.260633402941178,2.45,2.53125,2.45625,1.953125,2.4625,2.464393821190953
1,2.773579008725225,2.0,1.952777777777778,2.0166666666666666,1.6388888888888888,2.0166666666666666,1.9794135221048088
2,2.7882748221864504,1.9166666666666667,1.886111111111111,2.136111111111111,1.6,2.1305555555555555,2.009765072301173
3,3.091236247091877,2.272222222222222,2.2111111111111112,2.052777777777778,1.8833333333333333,2.0444444444444443,2.0674494411777427
4,1.794666005373001,0.95625,0.984375,1.09375,0.78125,1.09375,1.09375
5,2.192036437988281,1.975,2.015625,1.6875,1.58125,1.68125,1.7400450726678929
6,2.1125790202617645,1.671875,1.76875,1.5875,1.384375,1.590625,1.591781100624247
7,2.916737366695793,2.0027777777777778,1.963888888888889,1.6555555555555557,1.6666666666666667,1.636111111111111,1.6829440566571392
8,1.782486002445221,1.153125,1.2125,1.1875,0.9625,1.184375,1.1510916025086326
