,Site,Raw,Spatial,Temporal,Spatial_N,Temporal_N,Improved
0,0.7017809097468853,1.086111111111111,1.0833333333333335,0.986111111111111,1.088888888888889,0.9833333333333334,0.9823452415418787
1,0.6274948366964707,1.2305555555555556,1.1555555555555554,1.0638888888888889,1.1555555555555554,1.0694444444444444,1.1052558726079538
