,Satellite,Site name,DOY,Site value,h,v,line,samp,c6 DOY
33,L08,STER,2018212,0.7017809097468853,10,4,2288.63,386.25,2018209
34,L08,STER,2018228,0.6274948366964707,10,4,2288.63,386.25,2018225
